{
  "playwright.config.js": 1775209139.5088744,
  "postcss.config.js": 1775204685.7809384,
  "tailwind.config.js": 1775314337.8216286,
  "vite.config.js": 1775425936.1488318,
  "vite.design.config.js": 1775314050.025363,
  "crawlers\\backfill-wordcount.ts": 1775218908.8475413,
  "crawlers\\core.ts": 1775428018.8037212,
  "crawlers\\index.ts": 1775336517.454003,
  "crawlers\\normalize.ts": 1775428014.786693,
  "crawlers\\types.ts": 1775207076.3595457,
  "crawlers\\sources\\andersen.ts": 1775215223.3347375,
  "crawlers\\sources\\grimm.ts": 1775207338.9136875,
  "crawlers\\sources\\sagen.ts": 1775426685.368266,
  "hooks\\useFeatureFlags.js": 1775426738.710457,
  "hooks\\usePersistence.js": 1775425588.98009,
  "hooks\\useReader.js": 1775425015.2416599,
  "hooks\\useTypography.js": 1775410635.9789107,
  "public\\sw.js": 1775212501.4569888,
  "tests\\flags.spec.js": 1775218448.4131129,
  "tests\\pagination.spec.js": 1775217794.8844073,
  "tests\\persistence.spec.js": 1775251713.7650814,
  "tests\\story-close.spec.js": 1775408544.0939412,
  "tests\\unit\\setup.js": 1775425838.5288472,
  "tests\\unit\\usePersistence.test.js": 1775425908.9086914,
  "ui\\cn.js": 1775318353.4461205,
  "CLAUDE.md": 1775426830.599241,
  "README.md": 1775203674.2545583,
  "public\\icon.svg": 1775212491.0829895
}